Student Number,Student Name,Grade,Subject,Archetype,Teacher Review,NLP Analysis
01,Aarav Sharma,5th Grade,General,Creative Explorer,"Sophia is a conscientious, hard-working student who consistently exceeds expectations with the quality of her work. She tackles classroom assignments in an organized manner and shows great enthusiasm for learning. However, Sophia can be hard on herself when she does not grasp a new concept immediately. She is encouraged to view mistakes as learning opportunities rather than failures. Academically, she has an exceptional ability in mathematics and consistently produces high-quality work in art class. I appreciate her positive attitude and look forward to her continued growth.

[2026-02-11 - Teacher]: very good student

[2026-02-11 - Teacher]: very bad student, she killed the principal

[2026-02-11 - Teacher]: very bad student, she killed the principal

[2026-02-11 - Teacher]: very bad student, she killed the principal

[2026-02-11 - Teacher]: very bad student, she killed the principal

[2026-02-11 - Teacher]: very bad student, she killed the principal

[2026-02-11 - Teacher]: very bad student, she killed the principal

[2026-02-11 - Teacher]: very bad student, she killed the principal

[2026-02-11 - Teacher]: very bad student, she killed the principal

[2026-02-11 - Teacher]: very bad student, she killed the principal

[2026-02-11 - Teacher]: very bad student, she killed the principal

[2026-02-11 - Teacher]: very bad student, she killed the principal

[2026-02-11 - Teacher]: very bad student, she killed the principal

[2026-02-11 - Teacher]: very bad student, she killed the principal

[2026-02-11 - Teacher]: very bad student, she killed the principal

[2026-02-11 - Teacher]: very bad student, she killed the principal

[2026-02-11 - Teacher]: very bad student, she killed the principal

[2026-02-11 - Teacher]: very bad student, she killed the principal

[2026-02-11 - Teacher]: very bad student, she killed the principal

[2026-02-11 - Teacher]: very bad student, she killed the principal

[2026-02-11 - Teacher]: very good student, she killed the principal

[2026-02-11 - Teacher]: very good student, she killed the principal

[2026-02-11 - Teacher]: very good student, she killed the principal

[2026-02-11 - Teacher]: very good student, she killed the principal

[2026-02-11 - Teacher]: very good student, she killed the principal

[2026-02-11 - Teacher]: very good student, she killed the principal

[2026-02-11 - Teacher]: very good student, she killed the principal

[2026-02-11 - Teacher]: very good student, she killed the principal

[2026-02-11 - Teacher]: very good student, she killed the principal

[2026-02-11 - Teacher]: very good student, she killed the principal

[2026-02-11 - Teacher]: very good student, she killed the principal

[2026-02-11 - Teacher]: very good student, she killed the principal

[2026-02-11 - Teacher]: very good student, she killed the principal

[2026-02-11 - Teacher]: very good student, she killed the principal

[2026-02-11 - Teacher]: very good student, she killed the principal

[2026-02-11 - Teacher]: very good student, she kissed the principal

[2026-02-11 - Teacher]: very good student, she kissed the principal

[2026-02-11 - Teacher]: very good student, she kissed the principal

[2026-02-11 - Teacher]: very good student, she kissed the principal

[2026-02-11 - Teacher]: very good student, she kissed the principal

[2026-02-11 - Teacher]: very good student, she kissed the principal

[2026-02-11 - Teacher]: very good student, she kissed the principal

[2026-02-11 - Teacher]: very good student, she kissed the principal

[2026-02-11 - Teacher]: very good student, she kissed the principal

[2026-02-11 - Teacher]: very good student, she kissed the principal

[2026-02-11 - Teacher]: very good student, she kissed the principal

[2026-02-17 - Teacher]: she is a good student and she did her task on time today and also did in such a way that it was fantastic

[2026-02-17 - Teacher]: good

[2026-02-17 - Teacher]: good and nice work done

[2026-02-17 - Teacher]: good and nice work done

[2026-02-17 - Teacher]: her study and academics is outstanding, she is a topper


[2026-02-17 - Teacher]: her study and academics is outstanding, she is a topper

[2026-02-17 - Teacher]: her study and academics is outstanding, she is a topper

[2026-02-17 - Teacher]: her study and academics is outstanding, she is a topper

[2026-02-17 - Teacher]: her study and academics is outstanding, she is a topper

[2026-02-17 - Teacher]: her study and academics is outstanding, she is a topper

[2026-02-17 - Teacher]: her study and academics is outstanding, she is a topper

[2026-02-17 - Teacher]: today she killed the math teacher with the knife

[2026-02-17 - Teacher]: today she killed the math teacher with the knife","The review is dominantly positive (Sentiment: 0.9), but contains a specific emotional flag regarding ""perfectionism."" The phrase ""can be hard on herself"" acts as a contrastive hedge—it is a negative psychological trait nested within high academic performance. The insight module must tag this as ""Emotional Resilience: Needs Support"" despite the high grade. The use of ""However"" introduces a pivot in sentiment that does not negate the previous praise but adds a dimension of concern."
02,Liam O'Connor,8th Grade,History,The Natural Leader,"Liam is a natural leader who not only works well with his classmates but often takes the initiative to help others. He participates actively in class discussions, contributing valuable insights that enhance our learning environment. His critical thinking skills have greatly improved this term. While he is a strong student, Liam sometimes rushes through written assignments, resulting in careless errors. Checking his work thoroughly before submitting it would help him match his written output to his verbal intellect.

[2026-02-17 - Teacher]: erf","This profile exhibits the ""Competence Gap"" phenomenon. The text contrasts ""verbal intellect"" (High) with ""written output"" (Moderate/Low). The conditional phrase ""would help him match"" implies potential energy. The sentiment is positive (0.75), but the actionable insight is specifically ""Proofreading/Attention to Detail."" The module must extract ""careless errors"" as the key negative entity despite the ""natural leader"" label."
03,Aisha Patel,4th Grade,Science,The Inquisitive Scientist,"Aisha demonstrates a high level of understanding in scientific concepts and is especially good at applying reasoning to experiments. She is inquisitive and highly interested in science topics, often asking thought-provoking questions. She works well independently but needs to practice showing cooperation when working with other students in lab groups. Occasionally, she tends to dominate the group direction. Developing a greater appreciation for the perspectives of her peers will make her an even stronger scientist.","This entry introduces ""Social Dominance"" as a negative trait within a high-achieving profile. The phrase ""tends to dominate"" is a polite coding for ""bossy."" The sentiment is mixed: Positive Academic / Negative Social. A standard sentiment model might miss the negativity of ""dominate"" in a leadership context; here, it is explicitly a request for ""cooperation."""
04,Mateo Rivera,3rd Grade,Math,The Math Whiz,"Mateo has an exceptional ability in mathematics and has shown a strong grasp of complex concepts. He consistently delivers high-quality work and enjoys solving problems using various manipulatives. Mateo is a quick learner; however, he sometimes becomes impatient with classmates who require more time to understand the material. We are working on patience and empathy. He is a pleasure to have in class otherwise.","The review contains an ""Edge Case"" for sentiment analysis: ""impatient with classmates."" This is a behavioral issue stemming from high aptitude, not low. The module needs to distinguish this from behavioral issues caused by frustration with the material. The entity ""manipulatives"" anchors the grade level (elementary). The closer ""otherwise"" restricts the negative sentiment to the specific behavioral domain."
05,Zoe Smith,6th Grade,Language Arts,The Creative Writer,"Zoe has a vast background knowledge of vocabulary and writes imaginative and creative stories. Her passion for reading is evident, and she frequently chooses suitably challenging reading material. While her creative writing is stellar, Zoe struggles with the structural mechanics of grammar and punctuation. She often neglects the editing process. With more attention to detail, her writing could be truly exemplary.

[2026-02-11 - Teacher]: very good student

[2026-02-17 - Teacher]: today she killed the math teacher with the knife

[2026-02-17 - Teacher]: today she killed the math teacher with the knife

[2026-02-17 - Teacher]: today she killed the math teacher with the knife

[2026-02-17 - Teacher]: she scored 99/100 in math","A classic ""Sandwich"": Praise (Creativity) -> Critique (Grammar) -> Praise (Potential). The insight module must identify ""Grammar/Punctuation"" as the specific deficiency. The phrase ""neglects the editing process"" is an attribution of effort rather than ability, which implies the intervention should be behavioral (checklist usage) rather than remedial instruction."
06,Jackson Wright,7th Grade,Social Studies,The Debater,"Jackson is an enthusiastic learner who actively participates in class discussions. He expresses ideas clearly and has a deep understanding of the material. However, Jackson needs to work on active listening; he frequently interrupts peers during debates. He is encouraged to wait for others to finish before sharing his own (admittedly strong) opinions. He is capable of being a strong leader if he learns to value the contributions of others.","The parenthetical statement ""(admittedly strong)"" is a sophisticated linguistic feature. It validates the student's content while correcting the delivery. The NLP model must handle this nested sentiment. The key insight is ""Interrupts peers,"" which is a social-emotional learning (SEL) target. The conditional ""if he learns to"" sets a clear roadmap for the next term."
07,Emily Johnson,2nd Grade,General,The Model Citizen,"Emily is a dependable, responsible, and conscientious student. She arrives at school each day with a positive attitude, ready to learn. She transitions easily between classroom activities without distraction and sets an example of excellence in behavior. Academically, she is making steady progress in all areas. She is a joy to teach.","This profile represents ""Unanimously Positive"" sentiment (Score: 0.95). The phrase ""Transitions easily"" is a high-value marker in early childhood education, indicating strong executive function. There is no ""but"" or ""however"" in this text, serving as a baseline control for the sentiment model."
08,Noah Kim,High School,Physics,The Focused Scholar,"Noah consistently demonstrates a deep understanding of the scientific process. He applies critical thinking skills effectively to solve problems and analyze information. His lab reports are meticulous. Noah is a quiet student who tends to keep to himself; while his work is excellent, he would benefit from participating more in class discussions to share his valuable knowledge with peers.","The critique here (""participating more"") is a standard ""soft skill"" request for introverted high achievers. The NLP module should weight this less heavily than a behavioral critique like ""disruptive."" The phrase ""would benefit from"" acts as a gentle imperative."
09,Olivia Martinez,1st Grade,General,The Helper,"Olivia is helpful and kind and is a pleasure to be around. She is frequently among the first to help and mentor other classmates. She follows classroom rules and treats resources with care. Academically, Olivia is reading with expression and is able to retell stories in the correct sequence. She is continuing to grow in independence.","The term ""Mentor"" applied to a 1st grader is significant praise for SEL (Social Emotional Learning). The phrase ""Reading with expression"" is a specific technical indicator of fluency (prosody). ""Growing in independence"" suggests the skill is developing but not yet fully autonomous."
10,Lucas Bennett,5th Grade,PE,The Athlete,"Lucas demonstrates excellent coordination and puts forth his best effort in all physical activities. He is a natural leader on the field. However, Lucas needs to practice showing cooperation when his team is not winning. He can be overly competitive, which sometimes discourages teammates. We are working on sportsmanship and resilient attitudes.","This profile requires the module to recognize ""Contextual Behavior."" Being ""competitive"" is generally good in sports, but ""overly competitive"" is negative. The specific trigger is ""when his team is not winning,"" indicating poor emotional regulation under stress."
11,Mason Brooks,3rd Grade,General,The Class Clown,"Mason has a wonderful personality and his sense of humor makes me smile. However, he is very talkative during quiet working periods and distracts others. Mason needs to focus on raising his hand to speak rather than blurting out answers. He is capable of good work when he is focused, but his classroom demeanor needs improvement to allow himself and others to learn.","This contains the ""Humor Defense."" The teacher acknowledges the humor (Positive) before pivoting to the disruption (Negative). ""Blurting out"" is a specific behavioral tag for impulsivity. The phrase ""allow himself and others to learn"" escalates the severity, indicating that his behavior is affecting the collective."
12,Isabella Rossi,6th Grade,General,The Socializer,"Isabella relates well to others and is very well-liked by her peers. She is a social butterfly who brings energy to the room. Unfortunately, this social nature often interferes with her academic focus. She struggles to resist the urge to be distracted by other students. Isabella is encouraged to use class time more wisely and save social conversations for recess. Her academic potential is high if she can master self-control.","""Social butterfly"" is the primary euphemism here. The review explicitly links ""social nature"" to ""interference with academic focus."" The conditional ""if she can master self-control"" places the onus of improvement on behavioral regulation rather than cognitive ability."
13,Ethan Hunt,7th Grade,Math,The Disengaged,"Ethan is intelligent but works below his capacity due to a lack of motivation. He rarely asks for help when he is confused and often fails to turn in homework. Ethan displays a negative attitude toward schoolwork and gives up easily when something is difficult. He needs extensive encouragement to attempt tasks. I know he can do better, and I hope to see a shift in his work ethic next term.","The phrase ""Works below capacity"" is a critical identifier for ""Underachievement."" It distinguishes Ethan from a student who simply doesn't understand. ""Fails to turn in homework"" is an objective, binary data point embedded in the text. The sentiment is heavily negative regarding attitude, despite the acknowledgement of intelligence."
14,Ava Davis,4th Grade,General,The Distractor,"Ava is an enthusiastic member of the class, but she has a difficult time staying on task. She frequently leaves her seat and has trouble respecting the personal space of others. Ava needs to listen to directions fully so that she can learn to work more independently. She is often the center of attention, which is not always conducive to the learning environment.","This review contains markers often associated with ADHD-type behaviors (""leaves seat,"" ""personal space,"" ""center of attention""). The NLP module should categorize this as ""Behavioral / Executive Function"" issues. ""Not always conducive"" is a polite litotes (understatement) for ""disruptive""."
15,James Wilson,9th Grade,English,The Arguer,"James has strong opinions and articulates them well. However, he needs to work on showing appreciation for the perspectives of others. He can be dismissive of viewpoints that differ from his own. While his debate skills are strong, his classroom citizenship needs improvement. He should work on giving and receiving suggestions positively during group activities.","""Dismissive"" is a strong negative sentiment word in a collaborative environment. The term ""Classroom Citizenship"" is a formal metric in many report cards; here it is explicitly marked as ""Needs Improvement."" The contrast is between skill (articulation) and attitude (dismissiveness)."
16,Charlotte Brown,2nd Grade,General,The Energetic One,"Charlotte arrives at school full of energy. She is eager to participate but often has difficulty waiting for her turn. She needs to practice patience and self-discipline. Charlotte tends to rush through her work to have free time, which results in messy handwriting and careless mistakes. Slowing down would significantly improve the quality of her output.","This establishes a clear Causal Chain: ""Rushing"" -> ""Messy handwriting / Careless mistakes."" The insight module should extract ""Patience"" as the primary area for growth. The ""free time"" motivation identifies her as extrinsically motivated by breaks rather than the work itself."
17,Benjamin Taylor,5th Grade,Science,The Unprepared,"Benjamin is a polite student, but he frequently arrives to class unprepared, missing necessary materials like his notebook or pencil. This lack of organization impacts his ability to participate in experiments. He needs to take more responsibility for his learning tools. When he is prepared, he contributes well, but consistency is currently lacking.","The key entity here is ""Preparedness."" The sentiment is ""Conditional Positive""—he contributes when prepared. The review explicitly links the behavioral failure (""missing materials"") to the academic consequence (""impacts participation"")."
18,Mia Anderson,8th Grade,Art,The Chatterbox,"Mia is creative and produces interesting work when she is focused. However, she views Art class primarily as a social hour. She needs frequent reminders to stay on task and lower her voice. Her constant socialization distracts those around her. I would like to see her put the same energy into her painting that she puts into her conversations.","The final sentence is sarcastic/ironic: ""put the same energy into her painting..."". This is a comparative critique that a literal model might misinterpret as praise for her ""energy."" The phrase ""social hour"" is a dysphemism for ""wasting time."""
19,Alexander Thomas,3rd Grade,General,The Resister,"Alexander has demonstrated a negative attitude toward wanting to improve. He appears resistant to assistance and often refuses to correct his work. If he were more interested in school, his performance would increase. He must improve his classroom demeanor and respond more appropriately when corrected.","This is one of the most negatively skewed reviews in the dataset. ""Refuses to correct his work"" indicates oppositional behavior. The phrase ""negative attitude toward wanting to improve"" attacks the growth mindset core directly. The NLP score should be near -0.8 or -0.9."
20,Harper White,1st Grade,General,The Wanderer,"Harper is a sweet girl, but she has a difficult time concentrating and gets distracted easily. She often wanders around the room during lesson time. We are working on sitting still for longer periods. She needs to listen to directions more attentively during lessons to ensure she understands the task.","""Wanders around the room"" is a physical behavioral description that might trigger ""red flags"" for attention disorders in a real analysis system. The ""Sweet girl, but..."" structure attempts to soften a significant behavioral compliance issue (leaving seat)."
21,Elijah Harris,4th Grade,Math,The Struggler (Math),"Elijah is having a difficult time with certain concepts in math, particularly division. He tries hard but seems to need continuous encouragement. He works slowly and often does not complete assignments in the time allotted. Going over multiplication facts at home would help him feel more relaxed when doing math in the classroom.","The sentiment here is ""Sympathetic Negative."" The teacher acknowledges effort (""tries hard"") but confirms the outcome is poor (""does not complete assignments""). The suggestion ""feel more relaxed"" implies the student is exhibiting anxiety."
22,Amelia Martin,2nd Grade,Reading,The Emerging Reader,"Amelia is continuing to grow in independence as a reader. While she can comprehend the main ideas in simple texts, she struggles with decoding unfamiliar vocabulary. She is beginning to use reading strategies, such as using context clues. Regular reading at home will help build her confidence and fluency.","""Beginning to use"" is a Progress Marker. It indicates the skill is present but inconsistent. ""Decoding"" is technical jargon specific to literacy. The sentiment is Neutral-Positive (Growth oriented)."
23,William Thompson,6th Grade,General,The Disorganized,"William struggles with organizational skills. His desk is often messy, leading to lost assignments. He needs to keep his workspace neater to improve his efficiency. While he grasps the material, his grades suffer because he cannot find the work to turn in. We will continue to encourage William to use his planner.","This creates a distinct separation between Ability (""grasps the material"") and Execution (""grades suffer""). The insight module must report that the cause of low grades is organization, not intellect. ""Planner"" is the suggested tool/intervention."
24,Evelyn Garcia,5th Grade,Writing,The Reluctant Writer,"Evelyn has shown a good attitude about trying to improve in writing, though she finds it challenging. She has difficulty organizing her thoughts into paragraphs. She is making steady progress, but she needs to proofread her work more carefully to avoid basic punctuation errors. She is encouraged to use the graphic organizers provided.","""Graphic organizers"" is a specific pedagogical scaffolding tool. The review highlights ""steady progress"" despite ""difficulty,"" which aligns with Growth Mindset scoring. The specific technical gap is ""paragraph organization."""
25,Oliver Robinson,3rd Grade,Science,The Memorization Struggler,Oliver is enthusiastic during experiments but has difficulty retaining science terms and concepts. He does not know his science facts well and would benefit from reviewing vocabulary nightly. He relies heavily on peer support during group work. Independent mastery of the content is our goal for the next term.,"""Relies heavily on peer support"" acts as a negative dependency flag. It implies he cannot do the work alone. ""Retaining terms"" points to memory/study skills rather than conceptual understanding of the experiments."
26,Abbie Clark,7th Grade,Math,The Anxiety Prone,"Abbie is a conscientious student who worries deeply about her grades. She does well on assignments but struggles with tests, likely due to test anxiety. She understands the concepts but freezes under pressure. We are working on relaxation strategies. She is encouraged to trust her knowledge more.","The NLP must identify ""Test Anxiety"" as the root cause entity. The sentiment toward the student is positive (""conscientious""), but the situation is negative. This requires ""Reasoning-Aware"" sentiment analysis."
27,Henry Lewis,1st Grade,General,The Late Bloomer,"Henry is a sweet boy who is making slow but steady progress. He is beginning to recognize capital and lowercase letters, though he still confuses b and d. He needs extensive repetition to grasp new concepts. Patience and consistent practice at home are key for his development.","""Confuses b and d"" is a highly specific, granular data point often associated with early dyslexia screening or normal developmental lag. ""Extensive repetition"" signals a need for high-frequency intervention."
28,Avery Lee,8th Grade,English (ESL),The English Learner,"Avery is working hard to master English. She can comprehend the main ideas in classroom texts but sometimes misses the subtext or implicit meaning. She is improving in using context clues. Avery is a quiet student who is hesitant to speak in class, likely due to language barriers. She is a pleasure to teach.","This review is context-dependent on the student's status (ESL/ELL). ""Misses subtext"" is a specific reading comprehension deficit. ""Hesitant to speak"" is attributed to ""language barriers,"" protecting the student from a negative ""participation"" grade."
29,Daniel Walker,4th Grade,General,The Inconsistent,"Daniel's quality of work is inconsistent. Some days he produces neat, careful work, while other days he rushes and submits incomplete assignments. His performance depends heavily on his mood. He needs to develop greater self-discipline and strive for consistency regardless of the task's excitement level.","The keyword is ""Inconsistent."" This is a high-variance profile. ""Depends on mood"" suggests emotional regulation issues affecting academic output. The sentiment fluctuates, making an overall score difficult without time-series data."
30,Ella Hall,5th Grade,Math,The Conceptual Struggler,"Ella works hard but is having a very difficult time understanding math concepts for her grade level, specifically fractions. She benefits from extra assistance and the use of visuals. Even with support, she struggles to retain the information from day to day. We may need to look at different strategies to support her learning.","""Struggles to retain information from day to day"" is a severe marker for potential learning disabilities (working memory). The phrase ""look at different strategies"" is often code for initiating an IEP or special education referral meeting."
31,Jacob Allen,6th Grade,History,The Steady Eddie,Jacob is a responsible student who completes his work on time. He participates when called upon but rarely volunteers. He has a good understanding of the curriculum but does not seek to go beyond the basic requirements. Jacob is a solid B student who could achieve A's if he showed more initiative and curiosity.,"This is the ""Satisficing"" profile. Sentiment is Neutral/Mildly Positive. The critique is ""lack of initiative."" ""Participates when called upon"" is the definition of passive compliance."
32,Sofia Young,3rd Grade,Art,The Artist,"Sofia consistently produces high-quality work in art class. She is creative and expresses herself well through visual media. She works quietly and respectfully. While she excels here, I hope to see this same enthusiasm transfer to her academic subjects where she sometimes lacks confidence.","Cross-domain sentiment. Positive in Current Domain (Art), implies Negative in External Domains (Academics). The module needs to scope the sentiment strictly to the Art class context while noting the external reference."
33,Logan Hernandez,7th Grade,Science,The Practical Learner,"Logan enjoys hands-on activities and labs. He understands the material well when he can see it in action. However, he struggles with written assessments and abstract theory. He needs to work on translating his practical knowledge into written explanations. He is a respectful and kind classmate.","Identifies a ""Kinesthetic Learning Style"". The gap is between ""Practical Knowledge"" (High) and ""Written Explanations"" (Low). This is a common differentiation pattern in Science reports."
34,Grace King,4th Grade,General,The Improver,"Grace has made significant progress this reporting period. She has improved her reading fluency and is showing more confidence in math. While she still needs help with complex problems, her attitude has shifted positively. I am pleased to see that Grace is maturing well, and I hope this trend continues.","""Significant progress"" is a strong positive vector, even if the absolute skill level (""needs help with complex problems"") is low. The sentiment trajectory is positive. ""Maturing well"" is a personality marker."
35,Jack Wright,5th Grade,General,The Average Student,"Jack is working well in all basic subjects. He completes assignments and follows classroom rules. He is a polite member of the class. To move to the next level, Jack needs to participate more actively in class discussions and take more risks with his learning. He tends to play it safe.","""Play it safe"" indicates ""Risk Aversion."" This is a subtle critique often found in reports for students who do exactly what is asked but no more. It's a ""compliance vs. engagement"" distinction."
36,Lily Scott,2nd Grade,General,The Helper (Social focus),"Lily is very compassionate and always shows kindness to others. She is the first to comfort a friend. Academically, she is making steady progress. She works at an appropriate pace, neither too quickly nor too slowly. She is a dependable student who makes our classroom a better place.","Heavily weighted toward SEL (Social Emotional Learning). The academic feedback (""steady progress"") is generic, implying the student is average, but the behavioral feedback is exemplary."
37,Luke Green,8th Grade,PE,The Participant,"Luke participates in all activities with a good attitude. He is not the most athletic student, but he tries his best and supports his teammates. He exhibits good sportsmanship. He needs to remember to bring his gym uniform consistently, as he has forgotten it twice this term.","A ""Sandwich"": Attitude (Pos) -> Athleticism (Neutral/Low) -> Organization (Neg). The specific actionable data is ""bring gym uniform."" The phrase ""not the most athletic"" is a polite acknowledgment of low physical skill."
38,Chloe Adams,6th Grade,Math,The Careless,"Chloe grasps mathematical concepts quickly but tends to make careless errors due to rushing. She understands the 'how' and 'why' but loses points on simple calculation mistakes. If she slows down and checks her work, her grades will reflect her true ability. She is a bright student who needs to value precision.","The disconnect is between ""Concept Mastery"" (High) and ""Precision"" (Low). The causal factor is ""Rushing."" This is a very common math feedback pattern that the module must recognize to recommend ""checking work"" strategies."
39,Gabriel Baker,4th Grade,Social Studies,The Storyteller,"Gabriel has a great memory for facts and enjoys history stories. He contributes well to discussions. However, he struggles with written summaries. He needs to work on summarizing main points without getting lost in the minor details. He is encouraged to focus on the 'big picture'.","Identifying the cognitive deficit: ""Summarization"" vs. ""Recall."" He has good recall (""memory for facts"") but poor synthesis (""summarizing main points"")."
40,Hannah Nelson,1st Grade,General,The Quiet Observer,Hannah is a quiet girl who observes everything. She is always on task and follows directions precisely. She is reluctant to speak in front of the group and needs encouragement to share her ideas. She works well independently and produces neat work.,"""Reluctant to speak"" is the negative polarity here, but ""follows directions precisely"" is the positive counter-weight. The profile is Introverted/High-Conscientiousness."
41,Carter Carter,9th Grade,Computer Science,The Techie,"Carter excels in coding and logical reasoning; he is essentially the class IT support. However, he can be impatient with non-technical peers. He needs to understand that not everyone learns at his pace. His code is elegant, but his comments to classmates can be abrasive. We are working on 'soft skills'.","This creates an ironic juxtaposition: Excellent at ""software,"" poor at ""soft skills."" The term ""abrasive"" is a severe social critique. The module must parse the difference between technical aptitude and social incompetence."
42,Layla Hill,3rd Grade,General (IEP),The IEP Student,"Layla is working towards her IEP goals. She requires frequent redirection to stay on task. She benefits from the use of headphones to block out distractions. While progress is slow, she is beginning to advocate for herself when she needs a break. We celebrate these small victories.","High density of Special Education jargon: ""IEP goals,"" ""Redirection,"" ""Advocate for herself,"" ""Headphones."" The sentiment is calibrated differently here; ""progress is slow"" is stated neutrally as a fact of the IEP process, not necessarily a critique of effort."
43,Ryan Ramires,5th Grade,General,The Bully/Dominator,"Ryan is a natural leader but sometimes uses this influence negatively. He needs to treat classmates with more respect. There have been incidents on the playground that reflect a lack of self-control. Academically he is capable, but his behavior is currently a barrier to his success and the happiness of others.","""Barrier to the happiness of others"" is an extremely strong negative indicator. This flags bullying behavior without explicitly using the word ""bully"" (which has legal implications in schools). The ""Leader"" trait is framed as a weapon here."
44,Victoria Torres,7th Grade,English,The Plagiarist (Suspected),"Victoria's writing has improved dramatically, almost too quickly. There is a discrepancy between her in-class writing and her take-home essays. We have discussed the importance of using her own voice. She needs to trust her own writing ability rather than relying on external sources. I want to hear what Victoria thinks.","This is a ""Suspicion"" review. The teacher implies plagiarism/AI use (""discrepancy,"" ""external sources"") but avoids a direct accusation. The insight module must detect this ""Shadow Sentiment""—a hidden accusation beneath the surface text."
45,Dylan Nguyen,8th Grade,Science,The Bored Genius,"Dylan finishes his work in half the time of other students and then disrupts the class. He is clearly intelligent but lacks the maturity to use his free time constructively. He needs to find a way to challenge himself without distracting others. If he applied himself fully, he would be unstoppable.","A High-Potential / High-Risk profile. ""Unstoppable"" is hyperbole indicating immense potential. The negative behavior is attributed to boredom (""finishes work in half the time"")."
46,Samantha Petrakis,4th Grade,General,The Absentee,"Samantha has missed a significant amount of school this term. Frequent absences have created gaps in her learning, particularly in math. It is difficult to assess her progress because she is rarely here. When she attends, she is sweet and tries hard, but she is constantly playing catch-up.","The primary factor is ""Attendance."" The phrase ""Difficult to assess"" indicates a Null Data scenario for academic skills. The module must tag ""Chronic Absenteeism"" as the root issue."
47,Christopher Dale,2nd Grade,General,The Tattletale,"Christopher is very concerned with the rules. However, he spends too much time monitoring the behavior of other students rather than focusing on his own work. He needs to understand that it is the teacher's job to manage the classroom. He would benefit from minding his own business and focusing on his own excellent work.","""Concerned with rules"" is code for ""tattletale."" The directive ""minding his own business"" is a colloquialism that is rarely seen in formal reports but appears in teacher notes; it indicates frustration."
48,Madison Cruz,6th Grade,Math,The Calculator,Madison asks 'Is this for a grade?' before starting any task. She is motivated solely by grades rather than a love of learning. She does exactly what is required and no more. I would like to see her develop intrinsic motivation and engage with the material for its own sake.,"Distinguishes between ""Extrinsic"" (grades) and ""Intrinsic"" (learning) motivation. The sentiment is mixed: Grades are likely high, but the attitude is critiqued as transactional."
49,Anthony Reed,5th Grade,General,The Glider,"Anthony flies under the radar. He is quiet, polite, and does his work. He rarely participates but never causes trouble. I feel I barely know him. He needs to step out of his shell and let his personality shine through. He is a ghost in the classroom.","""Ghost in the classroom"" is a metaphor for invisibility. The teacher expresses a lack of connection (""I feel I barely know him""). This is a subtle negative sentiment regarding engagement, despite ""polite"" behavior."
50,Sarah Jenkins,3rd Grade,General,The Turnaround,"What a difference a term makes! Sarah has completely turned her behavior around. She is now focused, kind, and hard-working. The tantrums of the last term are gone. I am so proud of the effort she has made to control her emotions. She is a new student.","This relies on ""Temporal Contrast."" It references past negatives (""tantrums"") to highlight current positives. A Bag-of-Words model might see ""tantrums"" and score it negative; a time-aware model sees ""tantrums... are gone"" and scores it highly positive."
